{"cameraMode":{"drawMode":0,"name":"Shaded","section":"Shading Mode"},"sceneLighting":true,"audioPlay":false,"sceneViewState":{"m_AlwaysRefresh":false,"showFog":true,"showSkybox":true,"showFlares":true,"showImageEffects":true,"showParticleSystems":true,"showVisualEffectGraphs":true,"m_FxEnabled":true},"in2DMode":false,"pivot":{"x":-1.3648793697357178,"y":1.4145334959030152,"z":-1.4110472202301026},"rotation":{"x":-0.006563568487763405,"y":-0.9713623523712158,"z":0.23662956058979035,"w":-0.041944630444049838},"size":3.479741334915161,"orthographic":false}