{"cameraMode":{"drawMode":0,"name":"Shaded","section":"Shading Mode"},"sceneLighting":true,"audioPlay":false,"sceneViewState":{"m_AlwaysRefresh":false,"showFog":true,"showSkybox":true,"showFlares":true,"showImageEffects":true,"showParticleSystems":true,"showVisualEffectGraphs":true,"m_FxEnabled":true},"in2DMode":false,"pivot":{"x":-3.6574032306671144,"y":1.58110511302948,"z":1.2040696144104005},"rotation":{"x":-0.022278521209955217,"y":0.8566336631774902,"z":-0.011458869092166424,"w":-0.5184576511383057},"size":1.652243733406067,"orthographic":false}