{"cameraMode":{"drawMode":0,"name":"Shaded","section":"Shading Mode"},"sceneLighting":true,"audioPlay":false,"sceneViewState":{"m_AlwaysRefresh":false,"showFog":true,"showSkybox":true,"showFlares":true,"showImageEffects":true,"showParticleSystems":true,"showVisualEffectGraphs":true,"m_FxEnabled":true},"in2DMode":false,"pivot":{"x":-1.4538531303405762,"y":0.4447324275970459,"z":-0.8489713072776794},"rotation":{"x":-0.003856600495055318,"y":-0.9893519878387451,"z":0.1482456773519516,"w":-0.055447664111852649},"size":0.6113039255142212,"orthographic":false}