{"cameraMode":{"drawMode":0,"name":"Shaded","section":"Shading Mode"},"sceneLighting":true,"audioPlay":false,"sceneViewState":{"m_AlwaysRefresh":false,"showFog":true,"showSkybox":true,"showFlares":true,"showImageEffects":true,"showParticleSystems":true,"showVisualEffectGraphs":true,"m_FxEnabled":true},"in2DMode":false,"pivot":{"x":2.982755661010742,"y":2.9489009380340578,"z":3.6422314643859865},"rotation":{"x":-0.05981898680329323,"y":-0.6952226758003235,"z":0.07098206132650376,"w":-0.7145287394523621},"size":2.4614810943603517,"orthographic":false}