{"cameraMode":{"drawMode":0,"name":"Shaded","section":"Shading Mode"},"sceneLighting":true,"audioPlay":false,"sceneViewState":{"m_AlwaysRefresh":false,"showFog":true,"showSkybox":true,"showFlares":true,"showImageEffects":true,"showParticleSystems":true,"showVisualEffectGraphs":true,"m_FxEnabled":true},"in2DMode":false,"pivot":{"x":-0.8896357417106628,"y":0.7272041440010071,"z":3.537285327911377},"rotation":{"x":-0.03943296894431114,"y":-0.8587689399719238,"z":0.08647628873586655,"w":-0.5071980357170105},"size":2.3984601497650148,"orthographic":false}