{"cameraMode":{"drawMode":0,"name":"Shaded","section":"Shading Mode"},"sceneLighting":true,"audioPlay":false,"sceneViewState":{"m_AlwaysRefresh":false,"showFog":true,"showSkybox":true,"showFlares":true,"showImageEffects":true,"showParticleSystems":true,"showVisualEffectGraphs":true,"m_FxEnabled":true},"in2DMode":false,"pivot":{"x":-2.6769206523895265,"y":3.273442268371582,"z":2.712790012359619},"rotation":{"x":0.009358667768537999,"y":-0.7079586386680603,"z":0.009312518872320652,"w":0.7062495350837708},"size":3.214972496032715,"orthographic":false}