{"cameraMode":{"drawMode":0,"name":"Shaded","section":"Shading Mode"},"sceneLighting":true,"audioPlay":false,"sceneViewState":{"m_AlwaysRefresh":false,"showFog":true,"showSkybox":true,"showFlares":true,"showImageEffects":true,"showParticleSystems":true,"showVisualEffectGraphs":true,"m_FxEnabled":true},"in2DMode":false,"pivot":{"x":-1.2650038003921509,"y":1.2750177383422852,"z":1.9875121116638184},"rotation":{"x":0.01622903160750866,"y":0.6596821546554565,"z":-0.014251654036343098,"w":0.7512377500534058},"size":0.28693923354148867,"orthographic":false}