{"cameraMode":{"drawMode":0,"name":"Shaded","section":"Shading Mode"},"sceneLighting":true,"audioPlay":false,"sceneViewState":{"m_AlwaysRefresh":false,"showFog":true,"showSkybox":true,"showFlares":true,"showImageEffects":true,"showParticleSystems":true,"showVisualEffectGraphs":true,"m_FxEnabled":true},"in2DMode":false,"pivot":{"x":-3.615023374557495,"y":0.12015710771083832,"z":-2.1458311080932619},"rotation":{"x":0.035065870732069018,"y":-0.9792731404304504,"z":0.17372500896453858,"w":0.11374984681606293},"size":3.5238800048828127,"orthographic":false}