{"cameraMode":{"drawMode":0,"name":"Shaded","section":"Shading Mode"},"sceneLighting":true,"audioPlay":false,"sceneViewState":{"m_AlwaysRefresh":false,"showFog":true,"showSkybox":true,"showFlares":true,"showImageEffects":true,"showParticleSystems":true,"showVisualEffectGraphs":true,"m_FxEnabled":true},"in2DMode":false,"pivot":{"x":-2.520728349685669,"y":3.0273239612579347,"z":2.6896984577178957},"rotation":{"x":-0.02518915943801403,"y":0.7718023657798767,"z":0.0165841244161129,"w":0.6369560360908508},"size":1.2007789611816407,"orthographic":false}